State,District,Block
Andhra Pradesh,Alluri Sitharama Raju,All Blocks
Andhra Pradesh,Anakapalli,All Blocks
Andhra Pradesh,Anantapur,Agali
Andhra Pradesh,Anantapur,Amadagur
Andhra Pradesh,Anantapur,Amarapuram
Andhra Pradesh,Anantapur,Anantapur
Andhra Pradesh,Anantapur,Atmakur
Andhra Pradesh,Anantapur,Bathalapalle
Andhra Pradesh,Anantapur,Beluguppa
Andhra Pradesh,Anantapur,Bommanahal
Andhra Pradesh,Anantapur,Brahmasamudram
Andhra Pradesh,Anantapur,Bukkapatnam
Andhra Pradesh,Anantapur,Bukkarayasamudram
Andhra Pradesh,Anantapur,Chenne Kothapalle
Andhra Pradesh,Anantapur,Chilamathur
Andhra Pradesh,Anantapur,D Hirehal
Andhra Pradesh,Anantapur,Dharmavaram
Andhra Pradesh,Anantapur,Gandlapenta
Andhra Pradesh,Anantapur,Garladinne
Andhra Pradesh,Anantapur,Gooty
Andhra Pradesh,Anantapur,Gorantla
Andhra Pradesh,Anantapur,Gudibanda
Andhra Pradesh,Anantapur,Gummagatta
Andhra Pradesh,Anantapur,Guntakal
Andhra Pradesh,Anantapur,Hindupur
Andhra Pradesh,Anantapur,Kadiri
Andhra Pradesh,Anantapur,Kalyandurg
Andhra Pradesh,Anantapur,Kambadur
Andhra Pradesh,Anantapur,Kanaganapalle
Andhra Pradesh,Anantapur,Kanekal
Andhra Pradesh,Anantapur,Kothacheruvu
Andhra Pradesh,Anantapur,Kudair
Andhra Pradesh,Anantapur,Kundurpi
Andhra Pradesh,Anantapur,Lepakshi
Andhra Pradesh,Anantapur,Madakasira
Andhra Pradesh,Anantapur,Mudigubba
Andhra Pradesh,Anantapur,Nallacheruvu
Andhra Pradesh,Anantapur,Nallamada
Andhra Pradesh,Anantapur,Nambulipulikunta
Andhra Pradesh,Anantapur,Narpala
Andhra Pradesh,Anantapur,Obuladevaracheruvu
Andhra Pradesh,Anantapur,Pamidi
Andhra Pradesh,Anantapur,Parigi
Andhra Pradesh,Anantapur,Peddapappur
Andhra Pradesh,Anantapur,Peddavadugur
Andhra Pradesh,Anantapur,Penu Konda
Andhra Pradesh,Anantapur,Putlur
Andhra Pradesh,Anantapur,Puttaparthi
Andhra Pradesh,Anantapur,Ramagiri
Andhra Pradesh,Anantapur,Raptadu
Andhra Pradesh,Anantapur,Rayadurg
Andhra Pradesh,Anantapur,Roddam
Andhra Pradesh,Anantapur,Rolla
Andhra Pradesh,Anantapur,Settur
Andhra Pradesh,Anantapur,Singanamala
Andhra Pradesh,Anantapur,Somandepalle
Andhra Pradesh,Anantapur,Tadimarri
Andhra Pradesh,Anantapur,Tadpatri
Andhra Pradesh,Anantapur,Talupula
Andhra Pradesh,Anantapur,Tanakal
Andhra Pradesh,Anantapur,Uravakonda
Andhra Pradesh,Anantapur,Vajrakarur
Andhra Pradesh,Anantapur,Vidapanakal
Andhra Pradesh,Anantapur,Yadiki
Andhra Pradesh,Anantapur,Yellanur
Andhra Pradesh,Annamayya,All Blocks
Andhra Pradesh,Bapatla,All Blocks
Andhra Pradesh,Chittoor,B Kothakota
Andhra Pradesh,Chittoor,Baireddi Palle
Andhra Pradesh,Chittoor,Bangarupalem
Andhra Pradesh,Chittoor,Buchinaidu Khandriga
Andhra Pradesh,Chittoor,Chandragiri
Andhra Pradesh,Chittoor,Chinnagottigallu
Andhra Pradesh,Chittoor,Chittoor
Andhra Pradesh,Chittoor,Chowdepalle
Andhra Pradesh,Chittoor,Gangadhara Nellore
Andhra Pradesh,Chittoor,Gangavaram
Andhra Pradesh,Chittoor,Gudipala
Andhra Pradesh,Chittoor,Gudupalle
Andhra Pradesh,Chittoor,Gurramkonda
Andhra Pradesh,Chittoor,Irala
Andhra Pradesh,Chittoor,K V P Puram
Andhra Pradesh,Chittoor,Kalakada
Andhra Pradesh,Chittoor,Kalikiri
Andhra Pradesh,Chittoor,Kambhamvaripalle
Andhra Pradesh,Chittoor,Karvetinagar
Andhra Pradesh,Chittoor,Kuppam
Andhra Pradesh,Chittoor,Kurabalakota
Andhra Pradesh,Chittoor,Mandanpalle
Andhra Pradesh,Chittoor,Mulakalacheruvu
Andhra Pradesh,Chittoor,Nagalapuram
Andhra Pradesh,Chittoor,Nagari
Andhra Pradesh,Chittoor,Narayanavanam
Andhra Pradesh,Chittoor,Nimmanapalle
Andhra Pradesh,Chittoor,Nindra
Andhra Pradesh,Chittoor,Pakala
Andhra Pradesh,Chittoor,Palamaner
Andhra Pradesh,Chittoor,Palasamudram
Andhra Pradesh,Chittoor,Pedda Panjani
Andhra Pradesh,Chittoor,Peddamandyam
Andhra Pradesh,Chittoor,Peddathippasamudram
Andhra Pradesh,Chittoor,Penumuru
Andhra Pradesh,Chittoor,Pichatur
Andhra Pradesh,Chittoor,Pileru
Andhra Pradesh,Chittoor,Pulicherla
Andhra Pradesh,Chittoor,Punganur
Andhra Pradesh,Chittoor,Puthalapattu
Andhra Pradesh,Chittoor,Puttur
Andhra Pradesh,Chittoor,Rama Kuppam
Andhra Pradesh,Chittoor,Ramachandrapuram
Andhra Pradesh,Chittoor,Ramasamudram
Andhra Pradesh,Chittoor,Renigunta
Andhra Pradesh,Chittoor,Rompicherla
Andhra Pradesh,Chittoor,Santhi Puram
Andhra Pradesh,Chittoor,Satyavedu
Andhra Pradesh,Chittoor,Sodam
Andhra Pradesh,Chittoor,Somala
Andhra Pradesh,Chittoor,Srikalahasti
Andhra Pradesh,Chittoor,Srirangarajapuram
Andhra Pradesh,Chittoor,Thamballapalle
Andhra Pradesh,Chittoor,Thavanampalle
Andhra Pradesh,Chittoor,Thottambedu
Andhra Pradesh,Chittoor,Tirupati Rural
Andhra Pradesh,Chittoor,Tirupati Urban
Andhra Pradesh,Chittoor,Vadamalapeta
Andhra Pradesh,Chittoor,Varadaiahpalem
Andhra Pradesh,Chittoor,Vayalpad
Andhra Pradesh,Chittoor,Veduru Kuppam
Andhra Pradesh,Chittoor,Venkatagiri Kota
Andhra Pradesh,Chittoor,Vijaya Puram
Andhra Pradesh,Chittoor,Yadamari
Andhra Pradesh,Chittoor,Yerpedu
Andhra Pradesh,Chittoor,Yerravaripalem
Andhra Pradesh,Dr BR Ambedkar Konaseema,All Blocks
Andhra Pradesh,East Godavari,Addateegala
Andhra Pradesh,East Godavari,Ainavilli
Andhra Pradesh,East Godavari,Alamuru
Andhra Pradesh,East Godavari,Allavaram
Andhra Pradesh,East Godavari,Amalapuram
Andhra Pradesh,East Godavari,Ambajipeta
Andhra Pradesh,East Godavari,Anaparthi
Andhra Pradesh,East Godavari,Atreyapuram
Andhra Pradesh,East Godavari,Biccavolu
Andhra Pradesh,East Godavari,Devipatnam
Andhra Pradesh,East Godavari,Gandepalle
Andhra Pradesh,East Godavari,Gangavaram
Andhra Pradesh,East Godavari,Gokavaram
Andhra Pradesh,East Godavari,Gollaprolu
Andhra Pradesh,East Godavari,I Polavaram
Andhra Pradesh,East Godavari,Jaggampeta
Andhra Pradesh,East Godavari,Kadiam
Andhra Pradesh,East Godavari,Kajuluru
Andhra Pradesh,East Godavari,Kakinada (Rural)
Andhra Pradesh,East Godavari,Kapileswarapuram
Andhra Pradesh,East Godavari,Karapa
Andhra Pradesh,East Godavari,Katrenikona
Andhra Pradesh,East Godavari,Kirlampudi
Andhra Pradesh,East Godavari,Korukonda
Andhra Pradesh,East Godavari,Kotananduru
Andhra Pradesh,East Godavari,Kothapalli
Andhra Pradesh,East Godavari,Kothapeta
Andhra Pradesh,East Godavari,Malikipuram
Andhra Pradesh,East Godavari,Mamidikuduru
Andhra Pradesh,East Godavari,Mandapeta
Andhra Pradesh,East Godavari,Maredumilli
Andhra Pradesh,East Godavari,Mummidivaram
Andhra Pradesh,East Godavari,P Gannavaram
Andhra Pradesh,East Godavari,Pamarru
Andhra Pradesh,East Godavari,Pedapudi
Andhra Pradesh,East Godavari,Peddapuram
Andhra Pradesh,East Godavari,Pithapuram
Andhra Pradesh,East Godavari,Prathipadu
Andhra Pradesh,East Godavari,Rajahmundry(Rural)
Andhra Pradesh,East Godavari,Rajanagaram
Andhra Pradesh,East Godavari,Rajavommangi
Andhra Pradesh,East Godavari,Ramachandrapuram
Andhra Pradesh,East Godavari,Rampachodavaram
Andhra Pradesh,East Godavari,Rangampeta
Andhra Pradesh,East Godavari,Ravulapalem
Andhra Pradesh,East Godavari,Rayavaram
Andhra Pradesh,East Godavari,Razole
Andhra Pradesh,East Godavari,Sakhinetipalle
Andhra Pradesh,East Godavari,Samalkota
Andhra Pradesh,East Godavari,Sankhavaram
Andhra Pradesh,East Godavari,Seethanagaram
Andhra Pradesh,East Godavari,Tallarevu
Andhra Pradesh,East Godavari,Thondangi
Andhra Pradesh,East Godavari,Tuni
Andhra Pradesh,East Godavari,Uppalaguptam
Andhra Pradesh,East Godavari,Y Ramavaram
Andhra Pradesh,East Godavari,Yeleswaram
Andhra Pradesh,East Godavari,Chintur
Andhra Pradesh,East Godavari,Kunavaram
Andhra Pradesh,East Godavari,Vararamachandrapuram
Andhra Pradesh,East Godavari,Bhadrachalam
Andhra Pradesh,Eluru,All Blocks
Andhra Pradesh,Guntur,Achampeta
Andhra Pradesh,Guntur,Amaravathi
Andhra Pradesh,Guntur,Amruthalur
Andhra Pradesh,Guntur,Bapatla
Andhra Pradesh,Guntur,Bellamkonda
Andhra Pradesh,Guntur,Bhattiprolu
Andhra Pradesh,Guntur,Bollapalle
Andhra Pradesh,Guntur,Chebrole
Andhra Pradesh,Guntur,Cherukupalle
Andhra Pradesh,Guntur,Chilakaluripet
Andhra Pradesh,Guntur,Dachepalle
Andhra Pradesh,Guntur,Duggirala
Andhra Pradesh,Guntur,Durgi
Andhra Pradesh,Guntur,Edlapadu
Andhra Pradesh,Guntur,Guntur
Andhra Pradesh,Guntur,Gurazala
Andhra Pradesh,Guntur,Ipuru
Andhra Pradesh,Guntur,Kakumanu
Andhra Pradesh,Guntur,Karempudi
Andhra Pradesh,Guntur,Karlapalem
Andhra Pradesh,Guntur,Kollipara
Andhra Pradesh,Guntur,Kollur
Andhra Pradesh,Guntur,Krosuru
Andhra Pradesh,Guntur,Machavaram
Andhra Pradesh,Guntur,Macherla
Andhra Pradesh,Guntur,Mangalagiri
Andhra Pradesh,Guntur,Medikonduru
Andhra Pradesh,Guntur,Muppalla
Andhra Pradesh,Guntur,Nadendla
Andhra Pradesh,Guntur,Nagaram
Andhra Pradesh,Guntur,Nakarikallu
Andhra Pradesh,Guntur,Narasaraopeta
Andhra Pradesh,Guntur,Nizampatnam
Andhra Pradesh,Guntur,Nuzendla
Andhra Pradesh,Guntur,Pedakakani
Andhra Pradesh,Guntur,Pedakurapadu
Andhra Pradesh,Guntur,Pedanandipadu
Andhra Pradesh,Guntur,Phirangipuram
Andhra Pradesh,Guntur,Piduguralla
Andhra Pradesh,Guntur,Pittalavanipalem
Andhra Pradesh,Guntur,Ponnur
Andhra Pradesh,Guntur,Prathipadu
Andhra Pradesh,Guntur,Rajupalem
Andhra Pradesh,Guntur,Rentachintala
Andhra Pradesh,Guntur,Repalle
Andhra Pradesh,Guntur,Rompicherla
Andhra Pradesh,Guntur,Sattenapalle
Andhra Pradesh,Guntur,Savalyapuram
Andhra Pradesh,Guntur,Tadikonda
Andhra Pradesh,Guntur,Tenali
Andhra Pradesh,Guntur,Thadepalle
Andhra Pradesh,Guntur,Thullur
Andhra Pradesh,Guntur,Tsundur
Andhra Pradesh,Guntur,Vatticherukuru
Andhra Pradesh,Guntur,Veldurthi
Andhra Pradesh,Guntur,Vemuru
Andhra Pradesh,Guntur,Vinukonda
Andhra Pradesh,Kakinada,All Blocks
Andhra Pradesh,Krishna,A Konduru
Andhra Pradesh,Krishna,Agiripalle
Andhra Pradesh,Krishna,Avanigadda
Andhra Pradesh,Krishna,Bantumilli
Andhra Pradesh,Krishna,Bapulapadu
Andhra Pradesh,Krishna,Challapalli
Andhra Pradesh,Krishna,Chandarlapadu
Andhra Pradesh,Krishna,Chatrai
Andhra Pradesh,Krishna,G Konduru
Andhra Pradesh,Krishna,Gampalagudem
Andhra Pradesh,Krishna,Gannavaram
Andhra Pradesh,Krishna,Ghantasala
Andhra Pradesh,Krishna,Gudivada
Andhra Pradesh,Krishna,Gudlavalleru
Andhra Pradesh,Krishna,Gudur
Andhra Pradesh,Krishna,Ibrahimpatnam
Andhra Pradesh,Krishna,Jaggayyapeta
Andhra Pradesh,Krishna,Kaikalur
Andhra Pradesh,Krishna,Kalidindi
Andhra Pradesh,Krishna,Kanchika Cherla
Andhra Pradesh,Krishna,Kankipadu
Andhra Pradesh,Krishna,Koduru
Andhra Pradesh,Krishna,Kruthivennu
Andhra Pradesh,Krishna,Machilipatnam
Andhra Pradesh,Krishna,Mandavalli
Andhra Pradesh,Krishna,Mopidevi
Andhra Pradesh,Krishna,Movva
Andhra Pradesh,Krishna,Mudinepalli
Andhra Pradesh,Krishna,Musunuru
Andhra Pradesh,Krishna,Mylavaram
Andhra Pradesh,Krishna,Nagayalanka
Andhra Pradesh,Krishna,Nandigama
Andhra Pradesh,Krishna,Nandivada
Andhra Pradesh,Krishna,Nuzvid
Andhra Pradesh,Krishna,Pamarru
Andhra Pradesh,Krishna,Pamidimukkala
Andhra Pradesh,Krishna,Pedana
Andhra Pradesh,Krishna,Pedaparupudi
Andhra Pradesh,Krishna,Penamaluru
Andhra Pradesh,Krishna,Penuganchiprolu
Andhra Pradesh,Krishna,Reddigudem
Andhra Pradesh,Krishna,Thotlavalluru
Andhra Pradesh,Krishna,Tiruvuru
Andhra Pradesh,Krishna,Unguturu
Andhra Pradesh,Krishna,Vatsavai
Andhra Pradesh,Krishna,Veerullapadu
Andhra Pradesh,Krishna,Vijayawada Rural
Andhra Pradesh,Krishna,Vijayawada Urban
Andhra Pradesh,Krishna,Vissannapet
Andhra Pradesh,Krishna,Vuyyuru
Andhra Pradesh,Kurnool,Adoni
Andhra Pradesh,Kurnool,Allagadda
Andhra Pradesh,Kurnool,Alur
Andhra Pradesh,Kurnool,Aspari
Andhra Pradesh,Kurnool,Atmakur
Andhra Pradesh,Kurnool,Banaganapalle
Andhra Pradesh,Kurnool,Bandi Atmakur
Andhra Pradesh,Kurnool,Bethamcherla
Andhra Pradesh,Kurnool,C.Belagal
Andhra Pradesh,Kurnool,Chagalamarri
Andhra Pradesh,Kurnool,Chippagiri
Andhra Pradesh,Kurnool,Devanakonda
Andhra Pradesh,Kurnool,Dhone
Andhra Pradesh,Kurnool,Dornipadu
Andhra Pradesh,Kurnool,Gadivemula
Andhra Pradesh,Kurnool,Gonegandla
Andhra Pradesh,Kurnool,Gospadu
Andhra Pradesh,Kurnool,Gudur
Andhra Pradesh,Kurnool,Halaharvi
Andhra Pradesh,Kurnool,Holagunda
Andhra Pradesh,Kurnool,Jupadu Bungalow
Andhra Pradesh,Kurnool,Kallur
Andhra Pradesh,Kurnool,Kodumur
Andhra Pradesh,Kurnool,Koilkuntla
Andhra Pradesh,Kurnool,Kolimigundla
Andhra Pradesh,Kurnool,Kosigi
Andhra Pradesh,Kurnool,Kothapalle
Andhra Pradesh,Kurnool,Kowthalam
Andhra Pradesh,Kurnool,Krishnagiri
Andhra Pradesh,Kurnool,Kurnool
Andhra Pradesh,Kurnool,Maddikera East
Andhra Pradesh,Kurnool,Mahanandi
Andhra Pradesh,Kurnool,Mantralayam
Andhra Pradesh,Kurnool,Midthur
Andhra Pradesh,Kurnool,Nandavaram
Andhra Pradesh,Kurnool,Nandi Kotkur
Andhra Pradesh,Kurnool,Nandyal
Andhra Pradesh,Kurnool,Orvakal
Andhra Pradesh,Kurnool,Owk
Andhra Pradesh,Kurnool,Pagidyala
Andhra Pradesh,Kurnool,Pamulapadu
Andhra Pradesh,Kurnool,Panyam
Andhra Pradesh,Kurnool,Pattikonda
Andhra Pradesh,Kurnool,Peapally
Andhra Pradesh,Kurnool,Pedda Kadubur
Andhra Pradesh,Kurnool,Rudravaram
Andhra Pradesh,Kurnool,Sanjamala
Andhra Pradesh,Kurnool,Sirvel
Andhra Pradesh,Kurnool,Srisailam
Andhra Pradesh,Kurnool,Tuggali
Andhra Pradesh,Kurnool,Uyyalawada
Andhra Pradesh,Kurnool,Veldurthi
Andhra Pradesh,Kurnool,Velgodu
Andhra Pradesh,Kurnool,Yemmiganur
Andhra Pradesh,Nandyal,All Blocks
Andhra Pradesh,Nellore,Allur
Andhra Pradesh,Nellore,Ananthasagaram
Andhra Pradesh,Nellore,Anumasamudrampeta
Andhra Pradesh,Nellore,Atmakur
Andhra Pradesh,Nellore,Balayapalle
Andhra Pradesh,Nellore,Bogole
Andhra Pradesh,Nellore,Butchireddipalem
Andhra Pradesh,Nellore,Chejerla
Andhra Pradesh,Nellore,Chillakur
Andhra Pradesh,Nellore,Chittamur
Andhra Pradesh,Nellore,Dagadarthi
Andhra Pradesh,Nellore,Dakkili
Andhra Pradesh,Nellore,Doravarisatram
Andhra Pradesh,Nellore,Duttalur
Andhra Pradesh,Nellore,Gudur
Andhra Pradesh,Nellore,Indukurpet
Andhra Pradesh,Nellore,Jaladanki
Andhra Pradesh,Nellore,Kaligiri
Andhra Pradesh,Nellore,Kaluvoya
Andhra Pradesh,Nellore,Kavali
Andhra Pradesh,Nellore,Kodavalur
Andhra Pradesh,Nellore,Kondapuram
Andhra Pradesh,Nellore,Kota
Andhra Pradesh,Nellore,Kovur
Andhra Pradesh,Nellore,Manubolu
Andhra Pradesh,Nellore,Marripadu
Andhra Pradesh,Nellore,Muthukur
Andhra Pradesh,Nellore,Naidupeta
Andhra Pradesh,Nellore,Nellore
Andhra Pradesh,Nellore,Ojili
Andhra Pradesh,Nellore,Pellakur
Andhra Pradesh,Nellore,Podlakur
Andhra Pradesh,Nellore,Rapur
Andhra Pradesh,Nellore,Sangam
Andhra Pradesh,Nellore,Seetharamapuram
Andhra Pradesh,Nellore,Sullurpeta
Andhra Pradesh,Nellore,Sydapuram
Andhra Pradesh,Nellore,Tada
Andhra Pradesh,Nellore,Thotapalligudur
Andhra Pradesh,Nellore,Udayagiri
Andhra Pradesh,Nellore,Vakadu
Andhra Pradesh,Nellore,Varikuntapadu
Andhra Pradesh,Nellore,Venkatachalam
Andhra Pradesh,Nellore,Venkatagiri
Andhra Pradesh,Nellore,Vidavalur
Andhra Pradesh,Nellore,Vinjamur
Andhra Pradesh,Ntr,All Blocks
Andhra Pradesh,Palnadu,All Blocks
Andhra Pradesh,Parvathipuram Manyam,All Blocks
Andhra Pradesh,Prakasam,Addanki
Andhra Pradesh,Prakasam,Ardhaveedu
Andhra Pradesh,Prakasam,Ballikuruva
Andhra Pradesh,Prakasam,Bestavaripeta
Andhra Pradesh,Prakasam,Chadrasekarapuram
Andhra Pradesh,Prakasam,Chimakurthi
Andhra Pradesh,Prakasam,Chinaganjam
Andhra Pradesh,Prakasam,Chirala
Andhra Pradesh,Prakasam,Cumbum
Andhra Pradesh,Prakasam,Darsi
Andhra Pradesh,Prakasam,Donakonda
Andhra Pradesh,Prakasam,Dornala
Andhra Pradesh,Prakasam,Giddaluru
Andhra Pradesh,Prakasam,Gudluru
Andhra Pradesh,Prakasam,Hanumanthunipadu
Andhra Pradesh,Prakasam,Inkollu
Andhra Pradesh,Prakasam,Janakavarampanguluru
Andhra Pradesh,Prakasam,Kandukur
Andhra Pradesh,Prakasam,Kanigiri
Andhra Pradesh,Prakasam,Karamchedu
Andhra Pradesh,Prakasam,Komarolu
Andhra Pradesh,Prakasam,Konakanamitla
Andhra Pradesh,Prakasam,Kondapi
Andhra Pradesh,Prakasam,Korisapadu
Andhra Pradesh,Prakasam,Kothapatnam
Andhra Pradesh,Prakasam,Kurichedu
Andhra Pradesh,Prakasam,Lingasamudram
Andhra Pradesh,Prakasam,Maddipadu
Andhra Pradesh,Prakasam,Markapur
Andhra Pradesh,Prakasam,Marripudi
Andhra Pradesh,Prakasam,Martur
Andhra Pradesh,Prakasam,Mundlamuru
Andhra Pradesh,Prakasam,Naguluppalapadu
Andhra Pradesh,Prakasam,Ongole
Andhra Pradesh,Prakasam,Pamur
Andhra Pradesh,Prakasam,Parchur
Andhra Pradesh,Prakasam,Pedaaraveedu
Andhra Pradesh,Prakasam,Pedacherlopalle
Andhra Pradesh,Prakasam,Podili
Andhra Pradesh,Prakasam,Ponnaluru
Andhra Pradesh,Prakasam,Pullalacheruvu
Andhra Pradesh,Prakasam,Racherla
Andhra Pradesh,Prakasam,Santhamaguluru
Andhra Pradesh,Prakasam,Santhanuthlapadu
Andhra Pradesh,Prakasam,Singarayakonda
Andhra Pradesh,Prakasam,Tangutur
Andhra Pradesh,Prakasam,Tarlapadu
Andhra Pradesh,Prakasam,Thallur
Andhra Pradesh,Prakasam,Tripuranthakam
Andhra Pradesh,Prakasam,Ulavapadu
Andhra Pradesh,Prakasam,Veligandla
Andhra Pradesh,Prakasam,Vetapalem
Andhra Pradesh,Prakasam,Voletivaripalem
Andhra Pradesh,Prakasam,Yeddanapudi
Andhra Pradesh,Prakasam,Yerragondapalem
Andhra Pradesh,Prakasam,Zarugumilli
Andhra Pradesh,Sri Sathya Sai,All Blocks
Andhra Pradesh,Srikakulam,Amadalavalasa
Andhra Pradesh,Srikakulam,Bhamini
Andhra Pradesh,Srikakulam,Burja
Andhra Pradesh,Srikakulam,Etcherla
Andhra Pradesh,Srikakulam,Ganguvari Singadam
Andhra Pradesh,Srikakulam,Gara
Andhra Pradesh,Srikakulam,Hiramandalam
Andhra Pradesh,Srikakulam,Ichchapuram
Andhra Pradesh,Srikakulam,Jalumuru
Andhra Pradesh,Srikakulam,Kanchili
Andhra Pradesh,Srikakulam,Kaviti
Andhra Pradesh,Srikakulam,Kotabommili
Andhra Pradesh,Srikakulam,Kothuru
Andhra Pradesh,Srikakulam,L N Peta
Andhra Pradesh,Srikakulam,Laveru
Andhra Pradesh,Srikakulam,Mandasa
Andhra Pradesh,Srikakulam,Meilaputti
Andhra Pradesh,Srikakulam,Nandigam
Andhra Pradesh,Srikakulam,Narasannapeta
Andhra Pradesh,Srikakulam,Palakonda
Andhra Pradesh,Srikakulam,Palasa
Andhra Pradesh,Srikakulam,Pathapatnam
Andhra Pradesh,Srikakulam,Polaki
Andhra Pradesh,Srikakulam,Ponduru
Andhra Pradesh,Srikakulam,Rajam
Andhra Pradesh,Srikakulam,Ranastalam
Andhra Pradesh,Srikakulam,Regidiamadalavalasa
Andhra Pradesh,Srikakulam,Santhabommali
Andhra Pradesh,Srikakulam,Santhakaviti
Andhra Pradesh,Srikakulam,Saravakota
Andhra Pradesh,Srikakulam,Sarubujjili
Andhra Pradesh,Srikakulam,Seethampeta
Andhra Pradesh,Srikakulam,Sompeta
Andhra Pradesh,Srikakulam,Srikakulam
Andhra Pradesh,Srikakulam,Tekkali
Andhra Pradesh,Srikakulam,Vajrapukothuru
Andhra Pradesh,Srikakulam,Vangara
Andhra Pradesh,Srikakulam,Veeraghattam
Andhra Pradesh,Tirupati,All Blocks
Andhra Pradesh,Visakhapatnam,Anakapalli
Andhra Pradesh,Visakhapatnam,Anandapuram
Andhra Pradesh,Visakhapatnam,Ananthagiri
Andhra Pradesh,Visakhapatnam,Araku Valley
Andhra Pradesh,Visakhapatnam,Atchutapuram
Andhra Pradesh,Visakhapatnam,Bheemunipatnam
Andhra Pradesh,Visakhapatnam,Butchayyapeta
Andhra Pradesh,Visakhapatnam,Cheedikada
Andhra Pradesh,Visakhapatnam,Chinagadila
Andhra Pradesh,Visakhapatnam,Chintapalle
Andhra Pradesh,Visakhapatnam,Chodavaram
Andhra Pradesh,Visakhapatnam,Devarapalle
Andhra Pradesh,Visakhapatnam,Dumbriguda
Andhra Pradesh,Visakhapatnam,Gajuwaka
Andhra Pradesh,Visakhapatnam,Gangaraju Madugula
Andhra Pradesh,Visakhapatnam,Golugonda
Andhra Pradesh,Visakhapatnam,Gudem Kothaveedhi
Andhra Pradesh,Visakhapatnam,Hukumpeta
Andhra Pradesh,Visakhapatnam,K Kotapadu
Andhra Pradesh,Visakhapatnam,Kasimkota
Andhra Pradesh,Visakhapatnam,Kotauratla
Andhra Pradesh,Visakhapatnam,Koyyuru
Andhra Pradesh,Visakhapatnam,Madugula
Andhra Pradesh,Visakhapatnam,Makavarapalem
Andhra Pradesh,Visakhapatnam,Munagapaka
Andhra Pradesh,Visakhapatnam,Munchingiputtu
Andhra Pradesh,Visakhapatnam,Nakkapalli
Andhra Pradesh,Visakhapatnam,Narsipatnam
Andhra Pradesh,Visakhapatnam,Nathavaram
Andhra Pradesh,Visakhapatnam,Paderu
Andhra Pradesh,Visakhapatnam,Padmanabham
Andhra Pradesh,Visakhapatnam,Paravada
Andhra Pradesh,Visakhapatnam,Payakaraopeta
Andhra Pradesh,Visakhapatnam,Pedabayalu
Andhra Pradesh,Visakhapatnam,Pedagantyada
Andhra Pradesh,Visakhapatnam,Pendurthi
Andhra Pradesh,Visakhapatnam,Rambilli
Andhra Pradesh,Visakhapatnam,Ravikamatham
Andhra Pradesh,Visakhapatnam,Rolugunta
Andhra Pradesh,Visakhapatnam,S Rayavaram
Andhra Pradesh,Visakhapatnam,Sabbavaram
Andhra Pradesh,Visakhapatnam,Visakhapatnam
Andhra Pradesh,Visakhapatnam,Yelamanchili
Andhra Pradesh,Vizianagaram,Badangi
Andhra Pradesh,Vizianagaram,Balijipeta
Andhra Pradesh,Vizianagaram,Bhoghapuram
Andhra Pradesh,Vizianagaram,Bobbili
Andhra Pradesh,Vizianagaram,Bondapalle
Andhra Pradesh,Vizianagaram,Cheepurupalle
Andhra Pradesh,Vizianagaram,Dattirajeru
Andhra Pradesh,Vizianagaram,Denkada
Andhra Pradesh,Vizianagaram,Gajapathinagaram
Andhra Pradesh,Vizianagaram,Gantyada
Andhra Pradesh,Vizianagaram,Garividi
Andhra Pradesh,Vizianagaram,Garugubilli
Andhra Pradesh,Vizianagaram,Gummalakshmipuram
Andhra Pradesh,Vizianagaram,Gurla
Andhra Pradesh,Vizianagaram,Jami
Andhra Pradesh,Vizianagaram,Jiyyamma Valasa
Andhra Pradesh,Vizianagaram,Komarada
Andhra Pradesh,Vizianagaram,Kothavalasa
Andhra Pradesh,Vizianagaram,Kurupam
Andhra Pradesh,Vizianagaram,Lakkavarapukota
Andhra Pradesh,Vizianagaram,Makkuva
Andhra Pradesh,Vizianagaram,Mentada
Andhra Pradesh,Vizianagaram,Merakamudidam
Andhra Pradesh,Vizianagaram,Nellimarla
Andhra Pradesh,Vizianagaram,Pachipenta
Andhra Pradesh,Vizianagaram,Parvathipuram
Andhra Pradesh,Vizianagaram,Pusapatirega
Andhra Pradesh,Vizianagaram,Ramabhadrapuram
Andhra Pradesh,Vizianagaram,Salur
Andhra Pradesh,Vizianagaram,Seethanagaram
Andhra Pradesh,Vizianagaram,Srungavarapukota
Andhra Pradesh,Vizianagaram,Therlam
Andhra Pradesh,Vizianagaram,Vepada
Andhra Pradesh,Vizianagaram,Vizianagaram
Andhra Pradesh,West Godavari,Achanta
Andhra Pradesh,West Godavari,AKIVIDU
Andhra Pradesh,West Godavari,Attili
Andhra Pradesh,West Godavari,Bheemavaram
Andhra Pradesh,West Godavari,Bhimadole
Andhra Pradesh,West Godavari,Buttayagudem
Andhra Pradesh,West Godavari,Chagallu
Andhra Pradesh,West Godavari,Chintalapudi
Andhra Pradesh,West Godavari,Denduluru
Andhra Pradesh,West Godavari,Devarapalle
Andhra Pradesh,West Godavari,Dwaraka Tirumala
Andhra Pradesh,West Godavari,Eluru
Andhra Pradesh,West Godavari,Ganapavaram
Andhra Pradesh,West Godavari,Gopalapuram
Andhra Pradesh,West Godavari,Iragavaram
Andhra Pradesh,West Godavari,Jangareddigudem
Andhra Pradesh,West Godavari,Jeelugumilli
Andhra Pradesh,West Godavari,Kalla
Andhra Pradesh,West Godavari,Kamavarapukota
Andhra Pradesh,West Godavari,Kovvur
Andhra Pradesh,West Godavari,Koyyalagudem
Andhra Pradesh,West Godavari,Lingapalem
Andhra Pradesh,West Godavari,Mogalthur
Andhra Pradesh,West Godavari,Nallajerla
Andhra Pradesh,West Godavari,Narasapuram
Andhra Pradesh,West Godavari,Nidadavole
Andhra Pradesh,West Godavari,Nidamarru
Andhra Pradesh,West Godavari,Palacole
Andhra Pradesh,West Godavari,Palakoderu
Andhra Pradesh,West Godavari,Pedapadu
Andhra Pradesh,West Godavari,Pedavegi
Andhra Pradesh,West Godavari,Pentapadu
Andhra Pradesh,West Godavari,Penugonda
Andhra Pradesh,West Godavari,Penumantra
Andhra Pradesh,West Godavari,Peravali
Andhra Pradesh,West Godavari,Poduru
Andhra Pradesh,West Godavari,Polavaram
Andhra Pradesh,West Godavari,T Narasapuram
Andhra Pradesh,West Godavari,Tadepalligudem
Andhra Pradesh,West Godavari,Tanuku
Andhra Pradesh,West Godavari,Thallapudi
Andhra Pradesh,West Godavari,Undi
Andhra Pradesh,West Godavari,Undrajavaram
Andhra Pradesh,West Godavari,Unguturu
Andhra Pradesh,West Godavari,Veeravasaram
Andhra Pradesh,West Godavari,Yelamanchili
Andhra Pradesh,West Godavari,Kukunoor
Andhra Pradesh,West Godavari,Velairpad
Andhra Pradesh,West Godavari,Burgampadu
Andhra Pradesh,West Godavari,Burgampadu
Andhra Pradesh,Y S R Kadapa,Atlur
Andhra Pradesh,Y S R Kadapa,B Kodur
Andhra Pradesh,Y S R Kadapa,B Mattam
Andhra Pradesh,Y S R Kadapa,Badvel
Andhra Pradesh,Y S R Kadapa,C K Dinne
Andhra Pradesh,Y S R Kadapa,Chakrayapet
Andhra Pradesh,Y S R Kadapa,Chapadu
Andhra Pradesh,Y S R Kadapa,Chennur
Andhra Pradesh,Y S R Kadapa,Chinnamandem
Andhra Pradesh,Y S R Kadapa,Chitvel
Andhra Pradesh,Y S R Kadapa,Cuddapah
Andhra Pradesh,Y S R Kadapa,Duvvur
Andhra Pradesh,Y S R Kadapa,Galiveedu
Andhra Pradesh,Y S R Kadapa,Gopavaram
Andhra Pradesh,Y S R Kadapa,Jammalamadugu
Andhra Pradesh,Y S R Kadapa,Kalasapadu
Andhra Pradesh,Y S R Kadapa,Kamalapuram
Andhra Pradesh,Y S R Kadapa,Khajipet
Andhra Pradesh,Y S R Kadapa,Kodur
Andhra Pradesh,Y S R Kadapa,Kondapuram
Andhra Pradesh,Y S R Kadapa,Lakkireddipalle
Andhra Pradesh,Y S R Kadapa,Lingala
Andhra Pradesh,Y S R Kadapa,Muddanur
Andhra Pradesh,Y S R Kadapa,Mydukur
Andhra Pradesh,Y S R Kadapa,Mylavaram
Andhra Pradesh,Y S R Kadapa,Nandalur
Andhra Pradesh,Y S R Kadapa,Obulavaripalle
Andhra Pradesh,Y S R Kadapa,Peddamudium
Andhra Pradesh,Y S R Kadapa,Penagaluru
Andhra Pradesh,Y S R Kadapa,Pendlimarri
Andhra Pradesh,Y S R Kadapa,Porumamilla
Andhra Pradesh,Y S R Kadapa,Proddutur
Andhra Pradesh,Y S R Kadapa,Pulivendla
Andhra Pradesh,Y S R Kadapa,Pullampeta
Andhra Pradesh,Y S R Kadapa,Rajampet
Andhra Pradesh,Y S R Kadapa,Raju Palem
Andhra Pradesh,Y S R Kadapa,Ramapuram
Andhra Pradesh,Y S R Kadapa,Rayachoti
Andhra Pradesh,Y S R Kadapa,S A Kasinayana
Andhra Pradesh,Y S R Kadapa,Sambepalle
Andhra Pradesh,Y S R Kadapa,Sidhout
Andhra Pradesh,Y S R Kadapa,Simhadripuram
Andhra Pradesh,Y S R Kadapa,T Sundupalle
Andhra Pradesh,Y S R Kadapa,Thondur
Andhra Pradesh,Y S R Kadapa,V N Palli
Andhra Pradesh,Y S R Kadapa,Vallur
Andhra Pradesh,Y S R Kadapa,Veeraballe
Andhra Pradesh,Y S R Kadapa,Vempalle
Andhra Pradesh,Y S R Kadapa,Vemula
Andhra Pradesh,Y S R Kadapa,Vontimitta
Andhra Pradesh,Y S R Kadapa,Yerraguntla
Bihar,Araria,Araria
Bihar,Araria,Bhargama
Bihar,Araria,Forbisganj
Bihar,Araria,Joukihat
Bihar,Araria,Kursakanta
Bihar,Araria,Narpatganj
Bihar,Araria,Palasi
Bihar,Araria,Raniganj
Bihar,Araria,Sikti
Bihar,Arwal,Arwal
Bihar,Arwal,Banshi Surajpur
Bihar,Arwal,Kaler
Bihar,Arwal,Karpi
Bihar,Arwal,Kurtha
Bihar,Aurangabad,Aurangabad
Bihar,Aurangabad,Barun
Bihar,Aurangabad,Daudnagar
Bihar,Aurangabad,Deo
Bihar,Aurangabad,Goh
Bihar,Aurangabad,Haspura
Bihar,Aurangabad,Kutumba
Bihar,Aurangabad,Madanpur
Bihar,Aurangabad,Nabinagar
Bihar,Aurangabad,Obra
Bihar,Aurangabad,Rafiganj
Bihar,Banka,Amarpur
Bihar,Banka,Banka
Bihar,Banka,Barahat
Bihar,Banka,Baunsi
Bihar,Banka,Belhar
Bihar,Banka,Chanan
Bihar,Banka,Dhoraiya
Bihar,Banka,Fulli Dumar
Bihar,Banka,Katoria
Bihar,Banka,Rajaun
Bihar,Banka,Shambhuganj
Bihar,Begusarai,Bacchwara
Bihar,Begusarai,Bakhri
Bihar,Begusarai,Baliya
Bihar,Begusarai,Barauni
Bihar,Begusarai,Begusarai
Bihar,Begusarai,Bhagwanpur
Bihar,Begusarai,Birpur
Bihar,Begusarai,Cheriabariarpur
Bihar,Begusarai,Chorhani
Bihar,Begusarai,Dandari
Bihar,Begusarai,Garhpura
Bihar,Begusarai,Khodwantpur
Bihar,Begusarai,Mansurchak
Bihar,Begusarai,Matihani
Bihar,Begusarai,Nawkothi
Bihar,Begusarai,Sahebpur Kamal
Bihar,Begusarai,Shamho Akha Kurha
Bihar,Begusarai,Teghara
Bihar,Bhagalpur,Bihpur
Bihar,Bhagalpur,Gauradih
Bihar,Bhagalpur,Gopalpur
Bihar,Bhagalpur,Ismilepur
Bihar,Bhagalpur,Jagdishpur
Bihar,Bhagalpur,Kahalgaon
Bihar,Bhagalpur,Kharik
Bihar,Bhagalpur,Narayanpur
Bihar,Bhagalpur,Nathnagar
Bihar,Bhagalpur,Naugachhia
Bihar,Bhagalpur,Pirpaiti
Bihar,Bhagalpur,Rengra Chowk
Bihar,Bhagalpur,Sabaur
Bihar,Bhagalpur,Sanhaula
Bihar,Bhagalpur,Shahkund
Bihar,Bhagalpur,Sultanganj
Bihar,Bhojpur,Agion
Bihar,Bhojpur,Arah
Bihar,Bhojpur,Barhara
Bihar,Bhojpur,Bihia
Bihar,Bhojpur,Charpokhari
Bihar,Bhojpur,Garhani
Bihar,Bhojpur,Jagdishpur
Bihar,Bhojpur,Koilwar
Bihar,Bhojpur,Piro
Bihar,Bhojpur,Sahar
Bihar,Bhojpur,Sandesh
Bihar,Bhojpur,Shahpur
Bihar,Bhojpur,Tarari
Bihar,Bhojpur,Udwantnagar
Bihar,Buxar,Brahmpur
Bihar,Buxar,Buxar
Bihar,Buxar,Chakki
Bihar,Buxar,Chaugai
Bihar,Buxar,Chausa
Bihar,Buxar,Dumraon
Bihar,Buxar,Itarhi
Bihar,Buxar,Kesath
Bihar,Buxar,Nawanagar
Bihar,Buxar,Rajpur
Bihar,Buxar,Simri
Bihar,Chapra(Saran),Amnaur
Bihar,Chapra(Saran),Baniapur
Bihar,Chapra(Saran),Dariyapur
Bihar,Chapra(Saran),Dighwara
Bihar,Chapra(Saran),Ekma
Bihar,Chapra(Saran),Garkha
Bihar,Chapra(Saran),Isuapur
Bihar,Chapra(Saran),Jalalpur
Bihar,Chapra(Saran),Lahiadpur
Bihar,Chapra(Saran),Maker
Bihar,Chapra(Saran),Manjhi
Bihar,Chapra(Saran),Marhaura
Bihar,Chapra(Saran),Mashrakh
Bihar,Chapra(Saran),Nagra
Bihar,Chapra(Saran),Panapur
Bihar,Chapra(Saran),Parsa
Bihar,Chapra(Saran),Rivilganj
Bihar,Chapra(Saran),Sadar Chapra
Bihar,Chapra(Saran),Sonpur
Bihar,Chapra(Saran),Taraiya
Bihar,Darbhanga,Alinagar
Bihar,Darbhanga,Bahadurpur
Bihar,Darbhanga,Baheri
Bihar,Darbhanga,Benipur
Bihar,Darbhanga,Biraul
Bihar,Darbhanga,Darbhanga
Bihar,Darbhanga,Gaura Bauram
Bihar,Darbhanga,Ghanshyampur
Bihar,Darbhanga,Hanuman Nagar
Bihar,Darbhanga,Hayaghat
Bihar,Darbhanga,Jale
Bihar,Darbhanga,Keoti
Bihar,Darbhanga,Kiratpur
Bihar,Darbhanga,Ksheshwar Sthan
Bihar,Darbhanga,Kusheshwar Sthan East
Bihar,Darbhanga,Manigachhi
Bihar,Darbhanga,Singwara
Bihar,Darbhanga,Tard Dih
Bihar,East Champaran,Adapur
Bihar,East Champaran,Areraj
Bihar,East Champaran,Banjaria
Bihar,East Champaran,Bankatwa
Bihar,East Champaran,Chakia or Pipra
Bihar,East Champaran,Chiraiya
Bihar,East Champaran,Dhaka
Bihar,East Champaran,Ghorasahan
Bihar,East Champaran,Harsidhhi
Bihar,East Champaran,Kalyanpur
Bihar,East Champaran,Kesaria
Bihar,East Champaran,Kotwa
Bihar,East Champaran,Madhuban
Bihar,East Champaran,Mehsi
Bihar,East Champaran,Motihari
Bihar,East Champaran,Narkatia or Chhauradano
Bihar,East Champaran,Paharpur
Bihar,East Champaran,Pakri Dayal
Bihar,East Champaran,Patahi
Bihar,East Champaran,Phenhara
Bihar,East Champaran,Pipra Kothi
Bihar,East Champaran,Ramgarhwa
Bihar,East Champaran,Raxaul
Bihar,East Champaran,Sangrampur
Bihar,East Champaran,Sugauli
Bihar,East Champaran,Tetaria
Bihar,East Champaran,Turkaulia
Bihar,Gaya,Amas
Bihar,Gaya,Atri
Bihar,Gaya,Banke Bazar
Bihar,Gaya,Barachatti
Bihar,Gaya,Bathani
Bihar,Gaya,Belaganj
Bihar,Gaya,Bodh Gaya
Bihar,Gaya,Dobhi
Bihar,Gaya,Dumaria
Bihar,Gaya,Fatehpur
Bihar,Gaya,Guraru
Bihar,Gaya,Gurua
Bihar,Gaya,Imamganj
Bihar,Gaya,Khijasarai
Bihar,Gaya,Konch
Bihar,Gaya,Manpur
Bihar,Gaya,Mohanpur
Bihar,Gaya,Mohra
Bihar,Gaya,Gaya sadar
Bihar,Gaya,Paraiya
Bihar,Gaya,Sherghati
Bihar,Gaya,Tankuppa
Bihar,Gaya,Tekari
Bihar,Gaya,Wazirganj
Bihar,Gopalganj,Baikunthpur
Bihar,Gopalganj,Barauli
Bihar,Gopalganj,Bhore
Bihar,Gopalganj,Gopalganj
Bihar,Gopalganj,Hathwa
Bihar,Gopalganj,Kataiya
Bihar,Gopalganj,Kuchaikot
Bihar,Gopalganj,Manjha
Bihar,Gopalganj,Panchdewari
Bihar,Gopalganj,Phulwaria
Bihar,Gopalganj,Sidhwalia
Bihar,Gopalganj,Thawe
Bihar,Gopalganj,Uchkagaon
Bihar,Gopalganj,Vijaypur
Bihar,Jahanabad,Ghosi
Bihar,Jahanabad,Hulashganj
Bihar,Jahanabad,Jahanabad
Bihar,Jahanabad,Kako
Bihar,Jahanabad,Makhdumpur
Bihar,Jahanabad,Modanganj
Bihar,Jahanabad,Ratni Faridpur
Bihar,Jamui,Aliganj
Bihar,Jamui,Barhat
Bihar,Jamui,Chakai
Bihar,Jamui,Gidhaur
Bihar,Jamui,Jamui
Bihar,Jamui,Jhajha
Bihar,Jamui,Khaira
Bihar,Jamui,Laxmipur
Bihar,Jamui,Sikandra
Bihar,Jamui,Sono
Bihar,Kaimur (Bhabhua),Adhaura
Bihar,Kaimur (Bhabhua),Bhabhua
Bihar,Kaimur (Bhabhua),Bhagwanpur
Bihar,Kaimur (Bhabhua),Chainpur
Bihar,Kaimur (Bhabhua),Chand
Bihar,Kaimur (Bhabhua),Durgawati
Bihar,Kaimur (Bhabhua),Kudra
Bihar,Kaimur (Bhabhua),Mohania
Bihar,Kaimur (Bhabhua),Nuawan
Bihar,Kaimur (Bhabhua),Ramgarh
Bihar,Kaimur (Bhabhua),Rampur
Bihar,Katihar,Ajamnagar
Bihar,Katihar,Amdabad
Bihar,Katihar,Balrampur
Bihar,Katihar,Barari
Bihar,Katihar,Barsoi
Bihar,Katihar,Dandkhora
Bihar,Katihar,Falka
Bihar,Katihar,Hasanganj
Bihar,Katihar,Kadwa
Bihar,Katihar,Katihar
Bihar,Katihar,Korha
Bihar,Katihar,Kursela
Bihar,Katihar,Manihari
Bihar,Katihar,Mansahi
Bihar,Katihar,Pranpur
Bihar,Katihar,Sameli
Bihar,Khagaria,Alauli
Bihar,Khagaria,Beldaur
Bihar,Khagaria,Chautham
Bihar,Khagaria,Gogari
Bihar,Khagaria,Khagaria
Bihar,Khagaria,Mansi
Bihar,Khagaria,Parbatta
Bihar,Kishanganj,Bahadurganj
Bihar,Kishanganj,Dighalbank
Bihar,Kishanganj,Kishanganj
Bihar,Kishanganj,Koch Dhaman
Bihar,Kishanganj,Pothia
Bihar,Kishanganj,Terhagachhi
Bihar,Kishanganj,Thakurganj
Bihar,Lakhisarai,Barahiya
Bihar,Lakhisarai,Halsi
Bihar,Lakhisarai,Lakhisarai
Bihar,Lakhisarai,Piparia
Bihar,Lakhisarai,Ramgarh Chowk
Bihar,Lakhisarai,Suryagarha
Bihar,Madhepura,Alamnagar
Bihar,Madhepura,Bihari Ganj
Bihar,Madhepura,Chausa
Bihar,Madhepura,Gamharia
Bihar,Madhepura,Ghailar
Bihar,Madhepura,Gwalpara
Bihar,Madhepura,Kumarkhand
Bihar,Madhepura,Madhepura
Bihar,Madhepura,Murliganj
Bihar,Madhepura,Puraini
Bihar,Madhepura,Shankarpur
Bihar,Madhepura,Singheshwar
Bihar,Madhepura,Udakishanganj
Bihar,Madhubani,Andhrartharhi
Bihar,Madhubani,Babu Barhi
Bihar,Madhubani,Basopatti
Bihar,Madhubani,Benipatti
Bihar,Madhubani,Bisfi
Bihar,Madhubani,Ghoghardiha
Bihar,Madhubani,Harlakhi
Bihar,Madhubani,Jainagar
Bihar,Madhubani,Jhanjharpur
Bihar,Madhubani,Kaluahi
Bihar,Madhubani,Khajauli
Bihar,Madhubani,Khutauna
Bihar,Madhubani,Ladania
Bihar,Madhubani,Lakhnaur
Bihar,Madhubani,Laukahi
Bihar,Madhubani,Madhepur
Bihar,Madhubani,Madhwapur
Bihar,Madhubani,Pandaul
Bihar,Madhubani,Phulparas
Bihar,Madhubani,Rahika
Bihar,Madhubani,Rajnagar
Bihar,Munger,Asharganj
Bihar,Munger,Bariarpur
Bihar,Munger,Dharhara
Bihar,Munger,Jamalpur
Bihar,Munger,Kharagpur
Bihar,Munger,Munger Sadar
Bihar,Munger,Sangrampur
Bihar,Munger,Tarapur
Bihar,Munger,Tetia Bamber
Bihar,Muzaffarpur,Aurai
Bihar,Muzaffarpur,Bandra
Bihar,Muzaffarpur,Bochaha
Bihar,Muzaffarpur,Gaighat
Bihar,Muzaffarpur,Kanti
Bihar,Muzaffarpur,Katra
Bihar,Muzaffarpur,Kurhani
Bihar,Muzaffarpur,Marwan
Bihar,Muzaffarpur,Minapur
Bihar,Muzaffarpur,Motipur
Bihar,Muzaffarpur,Muraul
Bihar,Muzaffarpur,Mushahari
Bihar,Muzaffarpur,Paru
Bihar,Muzaffarpur,Sahebganj
Bihar,Muzaffarpur,Sakra
Bihar,Muzaffarpur,Saraiya
Bihar,Nalanda,Asthawan
Bihar,Nalanda,Ben
Bihar,Nalanda,Bihar Sharif
Bihar,Nalanda,Bind
Bihar,Nalanda,Chandi
Bihar,Nalanda,Ekangarsarai
Bihar,Nalanda,Giriak
Bihar,Nalanda,Harnaut
Bihar,Nalanda,Hilsa
Bihar,Nalanda,Islampur
Bihar,Nalanda,Karai Parsurai
Bihar,Nalanda,Katri Sarai
Bihar,Nalanda,Nagarnausa
Bihar,Nalanda,Noorsarai
Bihar,Nalanda,Parwalpur
Bihar,Nalanda,Rahui
Bihar,Nalanda,Rajgir
Bihar,Nalanda,Sarmera
Bihar,Nalanda,Silaw
Bihar,Nalanda,Tharthari
Bihar,Nawada,Akbarpur
Bihar,Nawada,Govindpur
Bihar,Nawada,Hisua
Bihar,Nawada,Kashichak
Bihar,Nawada,Kauakol
Bihar,Nawada,Meskaur
Bihar,Nawada,Nardiganj
Bihar,Nawada,Narhat
Bihar,Nawada,Nawada
Bihar,Nawada,Pakri Barwan
Bihar,Nawada,Rajauli
Bihar,Nawada,Roh
Bihar,Nawada,Sirdala
Bihar,Nawada,Warsalliganj
Bihar,Patna,Athmalgola
Bihar,Patna,Bakhtiarpur
Bihar,Patna,Barh
Bihar,Patna,Belchhi
Bihar,Patna,Bihta
Bihar,Patna,Bikram
Bihar,Patna,Danapur
Bihar,Patna,Daniyawan
Bihar,Patna,Dhanarua
Bihar,Patna,Dulhin Bazar
Bihar,Patna,Fatuhan
Bihar,Patna,Fulwari
Bihar,Patna,Ghoswari
Bihar,Patna,Khushrupur
Bihar,Patna,Maner
Bihar,Patna,Masaurhi
Bihar,Patna,Mokama
Bihar,Patna,Naubatpur
Bihar,Patna,Paliganj
Bihar,Patna,Pandarak
Bihar,Patna,Patna Sadar
Bihar,Patna,Punpun
Bihar,Patna,Sampatchak
Bihar,Purnia,Amaur
Bihar,Purnia,Baisa
Bihar,Purnia,Baisi
Bihar,Purnia,Banmankhi
Bihar,Purnia,Barhara Kothi
Bihar,Purnia,Bhawanipur
Bihar,Purnia,Dagarua
Bihar,Purnia,Dhamdaha
Bihar,Purnia,Jalalgarh
Bihar,Purnia,Kasba
Bihar,Purnia,Kritya Nand Nagar
Bihar,Purnia,Purnia East
Bihar,Purnia,Rupauli
Bihar,Purnia,Sri Nagar
Bihar,Rohtas,Akhorhi Gola
Bihar,Rohtas,Bikramganj
Bihar,Rohtas,Chenari
Bihar,Rohtas,Dawath
Bihar,Rohtas,Dehri
Bihar,Rohtas,Dinara
Bihar,Rohtas,Karakat
Bihar,Rohtas,Kargahar
Bihar,Rohtas,Kchas
Bihar,Rohtas,Nasri Ganj
Bihar,Rohtas,Nauhatta
Bihar,Rohtas,Nokha
Bihar,Rohtas,Rajpur
Bihar,Rohtas,Rohtas
Bihar,Rohtas,Sanjhauli
Bihar,Rohtas,Sasaram
Bihar,Rohtas,Sheo Sagar
Bihar,Rohtas,Suryapura
Bihar,Rohtas,Tilauthu
Bihar,Saharsa,Banma Itahari
Bihar,Saharsa,Kahara
Bihar,Saharsa,Mahishi
Bihar,Saharsa,Nauhatta
Bihar,Saharsa,Patarghat
Bihar,Saharsa,Salkhua
Bihar,Saharsa,Satarkateya
Bihar,Saharsa,Saurbazar
Bihar,Saharsa,Simri Bakhtiarpur
Bihar,Saharsa,Sonbarsa
Bihar,Samastipur,Bibhutipur
Bihar,Samastipur,Bithan
Bihar,Samastipur,Dalsingh Sarai
Bihar,Samastipur,Hasanpur
Bihar,Samastipur,Kalyanpur
Bihar,Samastipur,Khanpur
Bihar,Samastipur,Mohanpur
Bihar,Samastipur,Mohiuddinnagar
Bihar,Samastipur,Morwa
Bihar,Samastipur,Patori
Bihar,Samastipur,Pusa
Bihar,Samastipur,Rosera
Bihar,Samastipur,Samastipur
Bihar,Samastipur,Sarairanjan
Bihar,Samastipur,Shivaji Nagar
Bihar,Samastipur,Singhia
Bihar,Samastipur,Tajpur
Bihar,Samastipur,Ujiarpur
Bihar,Samastipur,Vidya Pati Nagar
Bihar,Samastipur,Warisnagar
Bihar,Sheikhpura,Ariari
Bihar,Sheikhpura,Barbigha
Bihar,Sheikhpura,Chewara
Bihar,Sheikhpura,Ghat Kusumbha
Bihar,Sheikhpura,Shekhopur Sarai
Bihar,Sheikhpura,Shekhpura
Bihar,Sheohar,Dumri Katsari
Bihar,Sheohar,Piprahi
Bihar,Sheohar,Purnahia
Bihar,Sheohar,Sheohar
Bihar,Sheohar,Tariyani
Bihar,Sitamarhi,Bajpatti
Bihar,Sitamarhi,Bargania
Bihar,Sitamarhi,Bathnaha
Bihar,Sitamarhi,Belsand
Bihar,Sitamarhi,Bokhra
Bihar,Sitamarhi,Choraut
Bihar,Sitamarhi,Dumra
Bihar,Sitamarhi,Major Ganj
Bihar,Sitamarhi,Nanpur
Bihar,Sitamarhi,Parihar
Bihar,Sitamarhi,Parsauni
Bihar,Sitamarhi,Pupari
Bihar,Sitamarhi,Riga
Bihar,Sitamarhi,Runnisaidpur
Bihar,Sitamarhi,Sonbarsa
Bihar,Sitamarhi,Suppi
Bihar,Sitamarhi,Sursand
Bihar,Siwan,Andar
Bihar,Siwan,Barharia
Bihar,Siwan,Basantpur
Bihar,Siwan,Bhagwanpur Hat
Bihar,Siwan,Darauli
Bihar,Siwan,Daraundha
Bihar,Siwan,Goraiyakothi
Bihar,Siwan,Guthani
Bihar,Siwan,Hasanpura
Bihar,Siwan,Hussainganj
Bihar,Siwan,Lakri Nabiganj
Bihar,Siwan,Maharajganj
Bihar,Siwan,Mairwa
Bihar,Siwan,Nautan
Bihar,Siwan,Panchrukhi
Bihar,Siwan,Raghunathpur
Bihar,Siwan,Siswan
Bihar,Siwan,Siwan
Bihar,Siwan,Ziradei
Bihar,Supaul,Basantpur
Bihar,Supaul,Chhatapur
Bihar,Supaul,Kishanpur
Bihar,Supaul,Marauna
Bihar,Supaul,Nirmalli
Bihar,Supaul,Pipra
Bihar,Supaul,Pratapganj
Bihar,Supaul,Raghopur
Bihar,Supaul,Saraigarh Bhaptiahi
Bihar,Supaul,Supaul
Bihar,Supaul,Triveniganj
Bihar,Vaishali,Bhagwanpur
Bihar,Vaishali,Bidupur
Bihar,Vaishali,Chehrakala
Bihar,Vaishali,Desari
Bihar,Vaishali,Goroul
Bihar,Vaishali,Hajipur
Bihar,Vaishali,Jandaha
Bihar,Vaishali,Lalganj
Bihar,Vaishali,Mahnar
Bihar,Vaishali,Mahua
Bihar,Vaishali,Patepur
Bihar,Vaishali,Paterhi Belsar
Bihar,Vaishali,Raghopur
Bihar,Vaishali,Rajapakar
Bihar,Vaishali,Sahdai Bujurg
Bihar,Vaishali,Vaishali
Bihar,West Champaran,Bairia
Bihar,West Champaran,Bettiah
Bihar,West Champaran,Bgaha
Bihar,West Champaran,Bhitaha
Bihar,West Champaran,Chanpatia
Bihar,West Champaran,Gaunaha
Bihar,West Champaran,Lauriya
Bihar,West Champaran,Madhubani
Bihar,West Champaran,Mainatanr
Bihar,West Champaran,Manjhaulia
Bihar,West Champaran,Narkatiaganj
Bihar,West Champaran,Nautan
Bihar,West Champaran,Piparasi
Bihar,West Champaran,Ramnagar
Bihar,West Champaran,Sidhaw
Bihar,West Champaran,Sikta
Bihar,West Champaran,Thakrahan
Bihar,West Champaran,Yogapatti
Haryana,Ambala,Ambala
Haryana,Ambala,Barara
Haryana,Ambala,Naraingarh
Haryana,Ambala,Shahzadpur
Haryana,Ambala,Ambala II
Haryana,Ambala,Saha
Haryana,Bhiwani,Bawani Khera
Haryana,Bhiwani,Bhiwani
Haryana,Bhiwani,Kairu
Haryana,Bhiwani,Loharu
Haryana,Bhiwani,Siwani
Haryana,Bhiwani,Tosham
Haryana,Bhiwani,Behal
Haryana,Charkhi Dadri,Badhra
Haryana,Charkhi Dadri,Dadri-I
Haryana,Charkhi Dadri,Dadri-II
Haryana,Charkhi Dadri,Dadri-I
Haryana,Charkhi Dadri,Badhra
Haryana,Charkhi Dadri,Dadri-II
Haryana,Faridabad,Ballabgarh
Haryana,Faridabad,Faridabad
Haryana,Fatehabad,Bhattu Kalan
Haryana,Fatehabad,Bhuna
Haryana,Fatehabad,Fatehabad
Haryana,Fatehabad,Ratia
Haryana,Fatehabad,Tohana
Haryana,Fatehabad,Jakhal
Haryana,Gurgaon,Farukh Nagar
Haryana,Gurgaon,Gurgaon
Haryana,Gurgaon,Pataudi
Haryana,Gurgaon,Sohna
Haryana,Hisar,Adampur
Haryana,Hisar,Agroha
Haryana,Hisar,Barwala
Haryana,Hisar,Hansi I
Haryana,Hisar,Hansi-II
Haryana,Hisar,Hisar I
Haryana,Hisar,Hisar-II
Haryana,Hisar,Narnaund
Haryana,Hisar,Uklana
Haryana,Jhajjar,Bahadurgarh
Haryana,Jhajjar,Beri
Haryana,Jhajjar,Jhajjar
Haryana,Jhajjar,Matenhail
Haryana,Jhajjar,Sahlawas
Haryana,Jind,Alewa
Haryana,Jind,Jind
Haryana,Jind,Julana
Haryana,Jind,Narwana
Haryana,Jind,Pillukhera
Haryana,Jind,Safidon
Haryana,Jind,Uchana Kalan
Haryana,Kaithal,Guhla
Haryana,Kaithal,Kaithal
Haryana,Kaithal,Kalayat
Haryana,Kaithal,Pundri
Haryana,Kaithal,Rajound
Haryana,Kaithal,Siwan
Haryana,Karnal,Assandh
Haryana,Karnal,Gharaunda
Haryana,Karnal,Indri
Haryana,Karnal,Karnal
Haryana,Karnal,Nilo Kheri
Haryana,Karnal,Nissing
Haryana,Kurukshetra,Babain
Haryana,Kurukshetra,Ladwa
Haryana,Kurukshetra,Pehowa
Haryana,Kurukshetra,Shahbad
Haryana,Kurukshetra,Thanesar
Haryana,Kurukshetra,Ismailabad
Haryana,Mewat,Firozepur Jhirkha
Haryana,Mewat,Nagina
Haryana,Mewat,Nuh
Haryana,Mewat,Punhana
Haryana,Mewat,Taoru
Haryana,Mohindergarh,Ateli Nangal
Haryana,Mohindergarh,Kanina
Haryana,Mohindergarh,Mohindergarh
Haryana,Mohindergarh,Nangal Chaudhary
Haryana,Mohindergarh,Narnaul
Haryana,Mohindergarh,Nizampur
Haryana,Mohindergarh,Satnali
Haryana,Mohindergarh,Sihma
Haryana,Palwal,Hassanpur
Haryana,Palwal,Hathin
Haryana,Palwal,Palwal
Haryana,Palwal,Hodal
Haryana,Palwal,Prithla
Haryana,Panchkula,Barwala
Haryana,Panchkula,Morni
Haryana,Panchkula,Pinjore
Haryana,Panchkula,Raipur Rani
Haryana,Panipat,Bapauli
Haryana,Panipat,Israna
Haryana,Panipat,Madlauda
Haryana,Panipat,Panipat
Haryana,Panipat,Samalkha
Haryana,Panipat,Sanoli Khurd
Haryana,Rewari,Bawal
Haryana,Rewari,Jatusana
Haryana,Rewari,Khol At Rewari
Haryana,Rewari,Nahar
Haryana,Rewari,Rewari
Haryana,Rohtak,Kalanaur
Haryana,Rohtak,Lakhan Majra
Haryana,Rohtak,Meham
Haryana,Rohtak,Rohtak
Haryana,Rohtak,Sampla
Haryana,Sirsa,Baragudha
Haryana,Sirsa,Dabwali
Haryana,Sirsa,Ellenabad
Haryana,Sirsa,Nathusari Chopta
Haryana,Sirsa,Odhan
Haryana,Sirsa,Rania
Haryana,Sirsa,Sirsa
Haryana,Sonepat,Ganaur
Haryana,Sonepat,Gohana
Haryana,Sonepat,Kathura
Haryana,Sonepat,Kharkhauda
Haryana,Sonepat,Mudlana
Haryana,Sonepat,Rai
Haryana,Sonepat,Sonepat
Haryana,Sonepat,Murthal
Haryana,Yamuna Nagar,Bilaspur
Haryana,Yamuna Nagar,Chhachhrauli
Haryana,Yamuna Nagar,Jagadhri
Haryana,Yamuna Nagar,Mustafabad
Haryana,Yamuna Nagar,Radaur
Haryana,Yamuna Nagar,Sadhaura
Maharashtra,Ahmednagar,Akole
Maharashtra,Ahmednagar,Jamkhed
Maharashtra,Ahmednagar,Karjat
Maharashtra,Ahmednagar,Kopargaon
Maharashtra,Ahmednagar,Nagar
Maharashtra,Ahmednagar,Newasa
Maharashtra,Ahmednagar,Parner
Maharashtra,Ahmednagar,Pathardi
Maharashtra,Ahmednagar,Rahata
Maharashtra,Ahmednagar,Rahuri
Maharashtra,Ahmednagar,Sangamner
Maharashtra,Ahmednagar,Shevgaon
Maharashtra,Ahmednagar,Shrigonda
Maharashtra,Ahmednagar,Shrirampur
Maharashtra,Akola,Akola
Maharashtra,Akola,Akot
Maharashtra,Akola,Balapur
Maharashtra,Akola,Barshitakli
Maharashtra,Akola,Murtizapur
Maharashtra,Akola,Patur
Maharashtra,Akola,Telhara
Maharashtra,Amrawati,Achalpur
Maharashtra,Amrawati,Amrawati
Maharashtra,Amrawati,Anjangaon
Maharashtra,Amrawati,Bhatkuli
Maharashtra,Amrawati,Chandur Bazar
Maharashtra,Amrawati,Chandur Railway
Maharashtra,Amrawati,Chikhaldara
Maharashtra,Amrawati,Daryapur
Maharashtra,Amrawati,Dhamangaon Railway
Maharashtra,Amrawati,Dharni
Maharashtra,Amrawati,Morshi
Maharashtra,Amrawati,Nandgaon Khandeshwar
Maharashtra,Amrawati,Teosa
Maharashtra,Amrawati,Warud
Maharashtra,Aurangabad,Aurangabad
Maharashtra,Aurangabad,Gangapur
Maharashtra,Aurangabad,Kannad
Maharashtra,Aurangabad,Khuldabad
Maharashtra,Aurangabad,Paithan
Maharashtra,Aurangabad,Sillod
Maharashtra,Aurangabad,Soyagaon
Maharashtra,Aurangabad,Vaijapur
Maharashtra,Aurangabad,Phulambri
Maharashtra,Beed,Ambejogai
Maharashtra,Beed,Ashti
Maharashtra,Beed,Beed
Maharashtra,Beed,Dharur
Maharashtra,Beed,Georai
Maharashtra,Beed,Kaij
Maharashtra,Beed,Majalgaon
Maharashtra,Beed,Parli
Maharashtra,Beed,Patoda
Maharashtra,Beed,Shirur (Kasar)
Maharashtra,Beed,Wadwani
Maharashtra,Bhandara,Bhandara.
Maharashtra,Bhandara,Lakhandur
Maharashtra,Bhandara,Lakhani
Maharashtra,Bhandara,Mohadi
Maharashtra,Bhandara,Pauni
Maharashtra,Bhandara,Sakoli
Maharashtra,Bhandara,Tumsar
Maharashtra,Buldhana,Buldhana
Maharashtra,Buldhana,Chikhali
Maharashtra,Buldhana,Deulgaon Raja
Maharashtra,Buldhana,Jalgaon Jamod
Maharashtra,Buldhana,Khamgaon
Maharashtra,Buldhana,Lonar
Maharashtra,Buldhana,Malkapur
Maharashtra,Buldhana,Mehkar
Maharashtra,Buldhana,Motala
Maharashtra,Buldhana,Nandura
Maharashtra,Buldhana,Sangrampur
Maharashtra,Buldhana,Shegaon
Maharashtra,Buldhana,Sindhkhed Raja
Maharashtra,Buldhana,Telhara
Maharashtra,Chandrapur,Bhadravati
Maharashtra,Chandrapur,Brahmapuri
Maharashtra,Chandrapur,Chandrapur
Maharashtra,Chandrapur,Chimur
Maharashtra,Chandrapur,Gondpipri
Maharashtra,Chandrapur,Korpana
Maharashtra,Chandrapur,Mul
Maharashtra,Chandrapur,Nagbhid
Maharashtra,Chandrapur,Rajura
Maharashtra,Chandrapur,Sawali
Maharashtra,Chandrapur,Shindewahi
Maharashtra,Chandrapur,Warora
Maharashtra,Chandrapur,Ballarpur
Maharashtra,Chandrapur,Jiwati
Maharashtra,Chandrapur,Pomburna
Maharashtra,Dhule,Dhule
Maharashtra,Dhule,Sakri
Maharashtra,Dhule,Shindkheda
Maharashtra,Dhule,Shirpur
Maharashtra,Gadchiroli,Aheri
Maharashtra,Gadchiroli,Armori
Maharashtra,Gadchiroli,Bhamragad
Maharashtra,Gadchiroli,Chamorshi
Maharashtra,Gadchiroli,Dhanora
Maharashtra,Gadchiroli,Etapalli
Maharashtra,Gadchiroli,Gadchiroli
Maharashtra,Gadchiroli,Korchi
Maharashtra,Gadchiroli,Kurkheda
Maharashtra,Gadchiroli,Mulchera
Maharashtra,Gadchiroli,Sironcha
Maharashtra,Gadchiroli,Wadsa
Maharashtra,Gondia,Amgaon
Maharashtra,Gondia,Arjuni/ Morgaon
Maharashtra,Gondia,Deori
Maharashtra,Gondia,Gondia
Maharashtra,Gondia,Goregaon
Maharashtra,Gondia,Sadak/ Arjuni
Maharashtra,Gondia,Salekasa
Maharashtra,Gondia,Tirora
Maharashtra,Hingoli,Aundha Nagn
Maharashtra,Hingoli,Basmath
Maharashtra,Hingoli,Hingoli
Maharashtra,Hingoli,Kalamnuri
Maharashtra,Hingoli,Sengaon
Maharashtra,Jalgaon,Amalner
Maharashtra,Jalgaon,Bhadgaon
Maharashtra,Jalgaon,Bhusawal
Maharashtra,Jalgaon,Chalisgaon
Maharashtra,Jalgaon,Chopda
Maharashtra,Jalgaon,Erandol
Maharashtra,Jalgaon,Jalgaon
Maharashtra,Jalgaon,Jamner
Maharashtra,Jalgaon,Muktainagar
Maharashtra,Jalgaon,Pachora
Maharashtra,Jalgaon,Parola
Maharashtra,Jalgaon,Raver
Maharashtra,Jalgaon,Yawal
Maharashtra,Jalgaon,Bodhwad
Maharashtra,Jalgaon,Dharangaon
Maharashtra,Jalna,Ambad
Maharashtra,Jalna,Badnapur
Maharashtra,Jalna,Bhokardan
Maharashtra,Jalna,Ghanswangi
Maharashtra,Jalna,Jafrabad
Maharashtra,Jalna,Jalna
Maharashtra,Jalna,Mantha
Maharashtra,Jalna,Partur
Maharashtra,Kolhapur,Ajara
Maharashtra,Kolhapur,Bhudargad
Maharashtra,Kolhapur,Chandagad
Maharashtra,Kolhapur,Gadhinglaj
Maharashtra,Kolhapur,Gaganbavada
Maharashtra,Kolhapur,Hatkanangle
Maharashtra,Kolhapur,Kagal
Maharashtra,Kolhapur,Karveer
Maharashtra,Kolhapur,Panhala
Maharashtra,Kolhapur,Radhanagri
Maharashtra,Kolhapur,Shahuwadi
Maharashtra,Kolhapur,Shirol
Maharashtra,Latur,Ahmadpur
Maharashtra,Latur,Ausa
Maharashtra,Latur,Chakur
Maharashtra,Latur,Deoni
Maharashtra,Latur,Jalkot
Maharashtra,Latur,Latur
Maharashtra,Latur,Nilanga
Maharashtra,Latur,Renapur
Maharashtra,Latur,Shirur Anantpal
Maharashtra,Latur,Udgir
Maharashtra,Mumbai,All Blocks
Maharashtra,Mumbai Suburban,All Blocks
Maharashtra,Nagpur,Bhiwapur
Maharashtra,Nagpur,Hingna
Maharashtra,Nagpur,Kalmeshwar
Maharashtra,Nagpur,Kamptee
Maharashtra,Nagpur,Katol
Maharashtra,Nagpur,Kuhi
Maharashtra,Nagpur,Mouda
Maharashtra,Nagpur,Nagpur
Maharashtra,Nagpur,Narkhed
Maharashtra,Nagpur,Parseoni
Maharashtra,Nagpur,Ramtek
Maharashtra,Nagpur,Saoner
Maharashtra,Nagpur,Umred
Maharashtra,Nanded,Ardhapur
Maharashtra,Nanded,Bhokar
Maharashtra,Nanded,Biloli
Maharashtra,Nanded,Deglur
Maharashtra,Nanded,Dharmabad
Maharashtra,Nanded,Hadgaon
Maharashtra,Nanded,Himayatnagar
Maharashtra,Nanded,Kandhar
Maharashtra,Nanded,Kinwat
Maharashtra,Nanded,Loha
Maharashtra,Nanded,Mahur
Maharashtra,Nanded,Mudkhed
Maharashtra,Nanded,Mukhed
Maharashtra,Nanded,Naigaon
Maharashtra,Nanded,Nanded
Maharashtra,Nanded,Umri
Maharashtra,Nandurbar,Akkalkuwa
Maharashtra,Nandurbar,Akrani
Maharashtra,Nandurbar,Nandurbar
Maharashtra,Nandurbar,Nawapur
Maharashtra,Nandurbar,Shahada
Maharashtra,Nandurbar,Taloda
Maharashtra,Nashik,Baglan
Maharashtra,Nashik,Chandwad
Maharashtra,Nashik,Deola
Maharashtra,Nashik,Dindori
Maharashtra,Nashik,Igatpuri
Maharashtra,Nashik,Kalwan
Maharashtra,Nashik,Malegaon
Maharashtra,Nashik,Nandgaon
Maharashtra,Nashik,Nashik
Maharashtra,Nashik,Niphad
Maharashtra,Nashik,Peth
Maharashtra,Nashik,Sinner
Maharashtra,Nashik,Surgana
Maharashtra,Nashik,Trimbkeshwar
Maharashtra,Nashik,Yeola
Maharashtra,Osmanabad,Bhoom
Maharashtra,Osmanabad,Kallam
Maharashtra,Osmanabad,Lohara
Maharashtra,Osmanabad,Omerga
Maharashtra,Osmanabad,Osmanabad
Maharashtra,Osmanabad,Paranda
Maharashtra,Osmanabad,Tuljapur
Maharashtra,Osmanabad,Washi
Maharashtra,Palghar,Dahanu
Maharashtra,Palghar,Jawhar
Maharashtra,Palghar,Mokhada
Maharashtra,Palghar,Palghar
Maharashtra,Palghar,Talasari
Maharashtra,Palghar,Vasai
Maharashtra,Palghar,Vikramgad
Maharashtra,Palghar,Wada
Maharashtra,Parbhani,Gangakhed
Maharashtra,Parbhani,Jintur
Maharashtra,Parbhani,Manwath
Maharashtra,Parbhani,Palam
Maharashtra,Parbhani,Parbhani
Maharashtra,Parbhani,Pathri
Maharashtra,Parbhani,Purna
Maharashtra,Parbhani,Sailu
Maharashtra,Parbhani,Sonpeth
Maharashtra,Pune,Ambegaon
Maharashtra,Pune,Baramati
Maharashtra,Pune,Bhor
Maharashtra,Pune,Dound
Maharashtra,Pune,Haveli
Maharashtra,Pune,Indapur
Maharashtra,Pune,Junnar
Maharashtra,Pune,Khed
Maharashtra,Pune,Maval
Maharashtra,Pune,Mulshi
Maharashtra,Pune,Purandhar
Maharashtra,Pune,Shirur
Maharashtra,Pune,Velha
Maharashtra,Raigad,Alibag
Maharashtra,Raigad,Karjat
Maharashtra,Raigad,Khalapur
Maharashtra,Raigad,Mahad
Maharashtra,Raigad,Mangaon
Maharashtra,Raigad,Mhasala
Maharashtra,Raigad,Murud
Maharashtra,Raigad,Panvel
Maharashtra,Raigad,Pen
Maharashtra,Raigad,Poladpur
Maharashtra,Raigad,Roha
Maharashtra,Raigad,Shriwardhan
Maharashtra,Raigad,Sudhagad
Maharashtra,Raigad,Tala
Maharashtra,Raigad,Uran
Maharashtra,Ratnagiri,Chiplun
Maharashtra,Ratnagiri,Dapoli
Maharashtra,Ratnagiri,Guhagar
Maharashtra,Ratnagiri,Khed
Maharashtra,Ratnagiri,Lanja
Maharashtra,Ratnagiri,Mandangad
Maharashtra,Ratnagiri,Rajapur
Maharashtra,Ratnagiri,Ratnagiri
Maharashtra,Ratnagiri,Sangameshwar
Maharashtra,Sangali,Atpadi
Maharashtra,Sangali,Jath
Maharashtra,Sangali,Kavathemahankal
Maharashtra,Sangali,Khanapur
Maharashtra,Sangali,Miraj
Maharashtra,Sangali,Palus
Maharashtra,Sangali,Shirala
Maharashtra,Sangali,Tasgaon
Maharashtra,Sangali,Walwa
Maharashtra,Sangali,Kadegaon
Maharashtra,Satara,Jaoli
Maharashtra,Satara,Karad
Maharashtra,Satara,Khandala
Maharashtra,Satara,Khatav
Maharashtra,Satara,Koregaon
Maharashtra,Satara,Mahableshwar
Maharashtra,Satara,Man
Maharashtra,Satara,Patan
Maharashtra,Satara,Phaltan
Maharashtra,Satara,Satara
Maharashtra,Satara,Wai
Maharashtra,Sindhudurg,Devgad
Maharashtra,Sindhudurg,Dodamarg
Maharashtra,Sindhudurg,Kankavli
Maharashtra,Sindhudurg,Kudal
Maharashtra,Sindhudurg,Malvan
Maharashtra,Sindhudurg,Savantwadi
Maharashtra,Sindhudurg,Vaibhavwadi
Maharashtra,Sindhudurg,Vengurla
Maharashtra,Solapur,Akkalkot
Maharashtra,Solapur,Barshi
Maharashtra,Solapur,Karmala
Maharashtra,Solapur,Madha
Maharashtra,Solapur,Malshiras
Maharashtra,Solapur,Mangalwedha
Maharashtra,Solapur,Mohol
Maharashtra,Solapur,North Solapur
Maharashtra,Solapur,Pandharpur
Maharashtra,Solapur,Sangola
Maharashtra,Solapur,South Solapur
Maharashtra,Thane,Ambarnath
Maharashtra,Thane,Ambarnath
Maharashtra,Thane,Bhiwandi
Maharashtra,Thane,Kalyan
Maharashtra,Thane,Murbad
Maharashtra,Thane,Shahapur
Maharashtra,Thane,Thane
Maharashtra,Wardha,Arvi
Maharashtra,Wardha,Ashti
Maharashtra,Wardha,Deoli
Maharashtra,Wardha,Hinganghat
Maharashtra,Wardha,Karanja
Maharashtra,Wardha,Samudrapur
Maharashtra,Wardha,Seloo
Maharashtra,Wardha,Wardha
Maharashtra,Washim,Karanja
Maharashtra,Washim,Malegaon
Maharashtra,Washim,Mangrulpir
Maharashtra,Washim,Monora
Maharashtra,Washim,Rishod
Maharashtra,Washim,Washim
Maharashtra,Yavatmal,Arni
Maharashtra,Yavatmal,Babulgaon
Maharashtra,Yavatmal,Darwha
Maharashtra,Yavatmal,Digras
Maharashtra,Yavatmal,Ghatanji
Maharashtra,Yavatmal,Kalamb
Maharashtra,Yavatmal,Kelapur
Maharashtra,Yavatmal,Mahagaon
Maharashtra,Yavatmal,Maregaon
Maharashtra,Yavatmal,Ner
Maharashtra,Yavatmal,Pusad
Maharashtra,Yavatmal,Relagaon
Maharashtra,Yavatmal,Umarkhed
Maharashtra,Yavatmal,Wani
Maharashtra,Yavatmal,Yeotmal
Maharashtra,Yavatmal,Zarijamni
Rajasthan,Ajmer,Arain
Rajasthan,Ajmer,Peesangan
Rajasthan,Ajmer,Silora (Kishangarh)
Rajasthan,Ajmer,Srinagar
Rajasthan,Alwar,Kathumar
Rajasthan,Alwar,Lachhmangarh
Rajasthan,Alwar,Rajgarh
Rajasthan,Alwar,Ramgarh
Rajasthan,Alwar,Reni
Rajasthan,Alwar,Thanagazi
Rajasthan,Alwar,Umren
Rajasthan,Anoopgarh,Raisinghnagar
Rajasthan,Anoopgarh,Anupgarh
Rajasthan,Anoopgarh,Gharsana
Rajasthan,Balotra,Siwana
Rajasthan,Balotra,Balotra (Pachpadra)
Rajasthan,Balotra,Baytoo
Rajasthan,Balotra,Sindhari
Rajasthan,Banswara,Anandpuri
Rajasthan,Banswara,Bagidora
Rajasthan,Banswara,Banswara
Rajasthan,Banswara,Chhoti Sarwan
Rajasthan,Banswara,Garhi
Rajasthan,Banswara,Ghatol
Rajasthan,Banswara,Kushalgarh
Rajasthan,Banswara,Sajjangarh
Rajasthan,Baran,Anta
Rajasthan,Baran,Atru
Rajasthan,Baran,Baran
Rajasthan,Baran,Chhabra
Rajasthan,Baran,Chhipabarod
Rajasthan,Baran,Kishanganj
Rajasthan,Baran,Shahbad
Rajasthan,Barmer,Barmer
Rajasthan,Barmer,Chohtan
Rajasthan,Barmer,Dhorimanna (Gudha Malani)
Rajasthan,Barmer,Sheo
Rajasthan,Beawar,Jawaja
Rajasthan,Beawar,Masooda
Rajasthan,Beawar,Jaitaran
Rajasthan,Beawar,Raipur
Rajasthan,Bharatpur,Bayana
Rajasthan,Bharatpur,Nadbai
Rajasthan,Bharatpur,Rupbas
Rajasthan,Bharatpur,Sewar
Rajasthan,Bharatpur,Weir
Rajasthan,Bhilwara,Asind
Rajasthan,Bhilwara,Hurda
Rajasthan,Bhilwara,Mandal
Rajasthan,Bhilwara,Mandalgarh
Rajasthan,Bhilwara,Raipur
Rajasthan,Bhilwara,Sahara
Rajasthan,Bhilwara,Suwana
Rajasthan,Bikaner,Bikaner
Rajasthan,Bikaner,Dungargarh
Rajasthan,Bikaner,Khajuwala
Rajasthan,Bikaner,Kolayat
Rajasthan,Bikaner,Lunkaransar
Rajasthan,Bikaner,Nokha
Rajasthan,Bundi,Bundi
Rajasthan,Bundi,Hindoli
Rajasthan,Bundi,Keshoraipatan
Rajasthan,Bundi,Nainwa
Rajasthan,Bundi,Talera
Rajasthan,Chittaurgarh,Bari Sadri
Rajasthan,Chittaurgarh,Begun
Rajasthan,Chittaurgarh,Bhadesar
Rajasthan,Chittaurgarh,Bhainsrorgarh
Rajasthan,Chittaurgarh,Bhopalsagar
Rajasthan,Chittaurgarh,Chittaurgarh
Rajasthan,Chittaurgarh,Dungla
Rajasthan,Chittaurgarh,Gangrar
Rajasthan,Chittaurgarh,Kapasan
Rajasthan,Chittaurgarh,Nimbahera
Rajasthan,Chittaurgarh,Rashmi
Rajasthan,Churu,Churu
Rajasthan,Churu,Rajgarh
Rajasthan,Churu,Ratangarh
Rajasthan,Churu,Sardarshahar
Rajasthan,Churu,Sujangarh
Rajasthan,Churu,Taranagar
Rajasthan,Dausa,Bandikui
Rajasthan,Dausa,Dausa
Rajasthan,Dausa,Lalsot
Rajasthan,Dausa,Mahwa
Rajasthan,Dausa,Sikrai
Rajasthan,Deeg,Deeg
Rajasthan,Deeg,Kaman
Rajasthan,Deeg,Kumher
Rajasthan,Deeg,Nagar (Nagar Pahari)
Rajasthan,Dholpur,Bari
Rajasthan,Dholpur,Baseri
Rajasthan,Dholpur,Dhaulpur
Rajasthan,Dholpur,Rajakhera
Rajasthan,Didwana Kuchaman,Didwana
Rajasthan,Didwana Kuchaman,Ladnu
Rajasthan,Didwana Kuchaman,Parbatsar
Rajasthan,Didwana Kuchaman,Makrana
Rajasthan,Didwana Kuchaman,Kuchaman City
Rajasthan,Dudu,Dudu
Rajasthan,Dungarpur,Aspur
Rajasthan,Dungarpur,Bichhiwara
Rajasthan,Dungarpur,Dungarpur
Rajasthan,Dungarpur,Sagwara
Rajasthan,Dungarpur,Simalwara
Rajasthan,Gangapurcity,Nadoti
Rajasthan,Gangapurcity,Gangapur
Rajasthan,Gangapurcity,Todabhim
Rajasthan,Gangapurcity,Bamanwas
Rajasthan,Hanumangarh,Bhadra
Rajasthan,Hanumangarh,Hanumangarh
Rajasthan,Hanumangarh,Nohar
Rajasthan,Hanumangarh,Pilibanga
Rajasthan,Hanumangarh,Rawatsar
Rajasthan,Hanumangarh,Sangaria
Rajasthan,Hanumangarh,Tibi
Rajasthan,Jaipur,All Blocks
Rajasthan,Jaipur Gramin,Phagi
Rajasthan,Jaipur Gramin,Jhotwara
Rajasthan,Jaipur Gramin,Amber
Rajasthan,Jaipur Gramin,Bassi
Rajasthan,Jaipur Gramin,Chaksu
Rajasthan,Jaipur Gramin,Govindgarh
Rajasthan,Jaipur Gramin,Jamwa Ramgarh
Rajasthan,Jaipur Gramin,Sambhar
Rajasthan,Jaipur Gramin,Sanganer
Rajasthan,Jaipur Gramin,Shahpura
Rajasthan,Jaisalmer,Jaisalmer
Rajasthan,Jaisalmer,Sam
Rajasthan,Jaisalmer,Sankra (Pokaran)
Rajasthan,Jalor,Ahore
Rajasthan,Jalor,Bhinmal
Rajasthan,Jalor,Jalor
Rajasthan,Jalor,Jaswantpura
Rajasthan,Jalor,Sayla
Rajasthan,Jhalawar,Bakani
Rajasthan,Jhalawar,Dug
Rajasthan,Jhalawar,Jhalrapatan
Rajasthan,Jhalawar,Khanpur
Rajasthan,Jhalawar,Manohar Thana
Rajasthan,Jhalawar,Pirawa (Sunel)
Rajasthan,Jhunjhunun,Alsisar
Rajasthan,Jhunjhunun,Buhana
Rajasthan,Jhunjhunun,Chirawa
Rajasthan,Jhunjhunun,Jhunjhunun
Rajasthan,Jhunjhunun,Nawalgarh
Rajasthan,Jhunjhunun,Surajgarh
Rajasthan,Jodhpur,All Blocks
Rajasthan,Jodhpur Gramin,Bilara
Rajasthan,Jodhpur Gramin,Balesar
Rajasthan,Jodhpur Gramin,Baori
Rajasthan,Jodhpur Gramin,Bhopalgarh
Rajasthan,Jodhpur Gramin,Luni
Rajasthan,Jodhpur Gramin,Mandor
Rajasthan,Jodhpur Gramin,Osian
Rajasthan,Jodhpur Gramin,Shergarh
Rajasthan,Karauli,Hindaun
Rajasthan,Karauli,Karauli
Rajasthan,Karauli,Sapotra
Rajasthan,Kekri,Bhinay
Rajasthan,Kekri,Kekri
Rajasthan,Khairthal Tijara,Kishangarh Bas
Rajasthan,Khairthal Tijara,Kotkasim
Rajasthan,Khairthal Tijara,Mundawar
Rajasthan,Khairthal Tijara,Tijara
Rajasthan,Kota,Itawa
Rajasthan,Kota,Kherabad
Rajasthan,Kota,Ladpura
Rajasthan,Kota,Sangod
Rajasthan,Kota,Sultanpur
Rajasthan,Kotputli Behror,Bansur
Rajasthan,Kotputli Behror,Nimrana
Rajasthan,Kotputli Behror,Behror
Rajasthan,Kotputli Behror,Kotputli
Rajasthan,Kotputli Behror,Viratnagar (Bairath)
Rajasthan,Nagaur,Degana
Rajasthan,Nagaur,Jayal
Rajasthan,Nagaur,Merta
Rajasthan,Nagaur,Mundwa
Rajasthan,Nagaur,Nagaur
Rajasthan,Nagaur,Riyan
Rajasthan,Neem Ka Thana,Udaipurwati
Rajasthan,Neem Ka Thana,Khetri
Rajasthan,Neem Ka Thana,Neem Ka Thana
Rajasthan,Neem Ka Thana,Sri Madhopur
Rajasthan,Pali,Bali
Rajasthan,Pali,Desuri
Rajasthan,Pali,Marwar Junction
Rajasthan,Pali,Pali
Rajasthan,Pali,Rani
Rajasthan,Pali,Rohat
Rajasthan,Pali,Sojat
Rajasthan,Pali,Sumerpur
Rajasthan,Phalodi,Bap
Rajasthan,Phalodi,Phalodi
Rajasthan,Pratapgarh,Arnod
Rajasthan,Pratapgarh,Chhoti Sadri
Rajasthan,Pratapgarh,Dhariawad
Rajasthan,Pratapgarh,Peepal Khoont
Rajasthan,Pratapgarh,Pratapgarh
Rajasthan,Rajsamand,Amet
Rajasthan,Rajsamand,Bhim
Rajasthan,Rajsamand,Deogarh
Rajasthan,Rajsamand,Khamnor
Rajasthan,Rajsamand,Kumbhalgarh
Rajasthan,Rajsamand,Railmagra
Rajasthan,Rajsamand,Rajsamand
Rajasthan,Salumbar,Lasadiya
Rajasthan,Salumbar,Lasadiya
Rajasthan,Salumbar,Lasadiya
Rajasthan,Salumbar,Salumbar
Rajasthan,Salumbar,Sarada
Rajasthan,Sanchor,Raniwara
Rajasthan,Sanchor,Sanchore
Rajasthan,Sanchor,Chitalwana
Rajasthan,Sawaimadhopur,Bonli
Rajasthan,Sawaimadhopur,Khandar
Rajasthan,Sawaimadhopur,Sawaimadhopur
Rajasthan,Shahpura,Banera
Rajasthan,Shahpura,Jahazpur
Rajasthan,Shahpura,Kotri
Rajasthan,Shahpura,Shahpura
Rajasthan,Sikar,Danta Ramgarh
Rajasthan,Sikar,Dhod
Rajasthan,Sikar,Fatehpur
Rajasthan,Sikar,Khandela
Rajasthan,Sikar,Lachhmangarh
Rajasthan,Sikar,Piprali
Rajasthan,Sirohi,Abu Road
Rajasthan,Sirohi,Pindwara
Rajasthan,Sirohi,Reodar
Rajasthan,Sirohi,Sheoganj
Rajasthan,Sirohi,Sirohi
Rajasthan,Sri Ganganagar,Ganganagar
Rajasthan,Sri Ganganagar,Karanpur
Rajasthan,Sri Ganganagar,Padampur
Rajasthan,Sri Ganganagar,Sadulshahar
Rajasthan,Sri Ganganagar,Suratgarh
Rajasthan,Tonk,Deoli
Rajasthan,Tonk,Malpura
Rajasthan,Tonk,Niwai
Rajasthan,Tonk,Todaraisingh
Rajasthan,Tonk,Tonk
Rajasthan,Tonk,Uniara
Rajasthan,Udaipur,Bargaon
Rajasthan,Udaipur,Bhindar
Rajasthan,Udaipur,Girwa
Rajasthan,Udaipur,Gogunda
Rajasthan,Udaipur,Jhadol
Rajasthan,Udaipur,Kherwara
Rajasthan,Udaipur,Kotra
Rajasthan,Udaipur,Mavli
